id;nom;prenom;email;telephone;role_id
1;however kindheartedly;mmm inculcate;Hoyt19@hotmail.com;1-692-278-4562 x8871;1
2;fumigate;er zowie enrich;Shania_Schultz@hotmail.com;444.223.8310 x4129;2
3;miskey ownership;oof;Constance53@hotmail.com;258.713.7701 x50431;3
4;unlike;bog duh;Carlo.Willms82@hotmail.com;(781) 875-4412 x3015;4
5;provided;tenderly furlough enrich;Aletha.Harris37@yahoo.com;1-969-836-9969 x8902;5
6;mesh;despite and;Grayson.Bayer75@gmail.com;1-560-291-2391 x06749;6
7;untimely larva;obediently wherever;Karl.Veum@gmail.com;1-377-935-6688 x79071;7
8;before;easily;Layne.Corkery57@yahoo.com;1-856-859-4443 x9833;8
9;uncommon;secrecy wire gosh;Angus.OReilly@yahoo.com;1-954-699-2718 x377;9
10;onto;behest;Eileen.Zemlak82@gmail.com;(579) 510-1848 x90942;10
